No,Discord,DCUID
1,g_van,284689343594102784
2,_gleader,706228203823562832
3,0xgrimjow,925845120652308570
4,skillly,694213193815425154
5,andalf,640604012139380748
6,berzanorg,991037531615264808
7,cosmacloud,931815470116536340
8,doctorpreballin,149736769166901248
9,evoyudhasamael,614072664344100884
10,febrian_fedry,1098266763705192588
11,g.orwell,870750205157470220
12,gizmo_at_midnight,1197124247001255986
13,hagen_web3,1223328464707387423
14,crankywakker,867254825694920724
15,kingloui69,884638173114802207
16,leemo00,896368944833789963
17,mikeweb,401489328561455115
18,claire3653,224618619441643520
19,portdev,347384356882350081
20,saddamovic,904296743070474252
21,cetarinacatarina,925336864414654474
22,andikur,837079853027164191
23,dreyville,828052236667584582
24,flasho,103084348999237632
25,katelv_,768484472660033558
26,maomao535,957646436529487953
27,omgnicklachey,812927834841415690
28,qudouz,906623740501168140
29,_seven7777777_,1209895659004633109
30,tolks,475057211903574019
31,auth_maan,1137025553308852344
32,0x_luffy,1095637420357201930
33,pingpingpingpingping,756884647023083631
34,0xamne,268476570358906881
35,0xarich,339119042407301122
36,0xvannnx,577016490352443412
37,.100su,615936691882164235
38,0xbehnaz2,888355459571023904
39,boba5000,368443913440198666
40,cal1.f,437017528267440143
41,capybaracrypto,1192934025128591511
42,0xchine,1194888115790282795
43,daniellll.,435776441729286156
44,,
45,dre3wwww,305062454793338880
46,,
47,0xferbs,586366016372604931
48,0xfs7,780182117887115264
49,0xh3x,281394328767692801
50,katev,597359016854683659
51,,
52,kaybuuuuuu,444105570547662848
53,0xdogukan,489548301792706580
54,0xkika,733602378581934101
55,,
56,lilmatic,310383474248777730
57,littlenada,1061300443130626048
58,livrein,343080694777380864
59,ipongresu,953203156555284551
60,0xmike7,852083769228787753
61,0xneaf,922846897507565598
62,0xolivia,699670098503270500
63,potatokingiscrying,1009313455737684019
64,rayj2209,958472382467674122
65,senjuro.,782896603400241212
66,tequilawaifu,439118693218123787
67,unahh,1068532435698065459
68,0xvalarie,381384033180975104
69,0xwoah,830141441044512768
70,,
71,,
72,0xzoe,570974972575744016
73,cilin.eth,856033045190803496
74,benjamincrypto,842002694063259738
75,21stdaisy,330777254227345420
76,,
77,2kayzee,488338532474290196
78,2red2197,769337853460217867
79,38k.sl,358600305442816001
80,,
81,3lphoe,661511434034741269
82,spydrofr,541039397664194560
83,4y4744,920326916341399553
84,0xpr63,851463377406656582
85,a_aris_,882576013480050741
86,aadvark89,468526016151814164
87,adm1ralftw,666346661408407591
88,aedan5146,698573548045860885
89,akichn.,759691199199838228
90,,
91,alexanderrrb,403964460630278145
92,alexios_k87,822582664342929458
93,,
94,alxxeth,515971638739861515
95,boolieve,932310599189282846
96,annae,887718897728507964
97,annafithegoat,602727099551449088
98,antgeo13,1208162223734792263
99,anubiss29,398228206643052565
100,applepie493,764360317261578240
101,armin056,928003769596256316
102,aromat666,759346921675816971
103,ashu.monad,744543158238445642
104,aslanbek,700033798464733305
105,asura14afc,224088191416664065
106,atifey,924270737299214356
107,mgd9257,946486136069554227
108,dos4289,990362429139591178
109,auri_0x,1005001967011106916
110,ayanaaxx,969777124288368690
111,babayaga4487,821333499188346920
112,babylow.,391210352521510914
113,aleeyasyen,932955105710440468
114,synne6346,929934042210664478
115,,
116,bakba,708928021733834794
117,lilbamsky,890141081667239957
118,berlee,494490019516645378
119,maste887,950287919074136084
120,barrybutterhandz,179665563985903617
121,basss_eth,703651750728564777
122,bbluuuuuu,908419084448841729
123,bdwhale,1032693998671888435
124,be_kindplss,882848248941908048
125,beans_xyz,864662772699365393
126,bekaranad,931909803469578271
127,biggee_24,1019077538519195678
128,bibbu__,854777632162840596
129,steve2kayy,849387813644140596
130,biggbotex_xx,953247410363183145
131,,
132,bikoy,579537759400886273
133,billie.xyz,888524568480845825
134,,
135,,
136,birckmega,1195040507349438565
137,liteaaa,575514249238151179
138,bananamilk5658,885189144387653672
139,,
140,blurcrypto,793657284575494174
141,bolan999,381477996361416704
142,boregrox,781239919757623346
143,boruto__,709049617366646847
144,punkbossqueen,950286868526792705
145,boyhendryko,962403034833514546
146,bradon.,887012796653535282
147,brocoliwang,423808566747594754
148,thegangzllcg2456,979392693488730154
149,,
150,buja723,848382450328797236
151,butuskin,940600834599825450
152,cactusdoggy,1238316118746337320
153,calvinskunnies,266131705641828362
154,casemidio,187529580230344704
155,cashsct.,946036550473490474
156,cassini8620,690231767659184183
157,chackky,186053050664878080
158,,
159,ceeedweak,194960705345028096
160,creamceline.,526241294889254917
161,chamdom410,900365100655976458
162,champjetsada,370592667198947346
163,jing.joe,989159321134858281
164,kyriett,944784140040044605
165,,
166,,
167,chinesedevil0xy63,399559995676557312
168,chiyachita,901157314797658153
169,chommymoney,794205303272505364
170,choonsik,405743080155774986
171,christiadarma,826830090930749481
172,,
173,edisoncoinbilim,1085277961227337778
174,honstin.,1232234081043873842
175,cosmin_1,816409283235020800
176,crazydevvy,1078463638052016281
177,carrot.l.,430732672281739265
178,crexsol,826872996571906048
179,cristova.,390460820162609162
180,,
181,red.gang,498917366630187019
182,cryptoaga,252048984200183809
183,baikan,237190271027249152
184,.growthmindset,716883826558631996
185,nomad.monad,683608237836075010
186,er.crypto,972584082007539763
187,ctb_hallelujah,652874867288309771
188,joy_cules,836266788835819551
189,cupang.,905437821752442940
190,deus_vult_xyz,239045253384896513
191,dalilahputri4,1201272019547852861
192,dallaseze,885714211462852610
193,,
194,dappy0070,873442739881115658
195,dawnsandsunsets,750575406997831700
196,dazaikun.,893059333749891082
197,youdicks,548482029084475412
198,berry4144,420361625661603851
199,capas,303855785195208706
200,dimitrov___,748903807551012925
201,bad_friend,851755072135495690
202,bibidd,927816830305841153
203,ljuhy,557912487870070784
204,dmddo77,890223882039066644
205,dndea,641839363407216661
206,.dodori,341041347781853195
207,dommy_0,786852074582441985
208,godzilla.1128,873131084345376799
209,draaaven4,962304156499066880
210,dreamer_c,987273059486548008
211,.dreiki,237010013460103168
212,jua8142,894200466479644723
213,oisa,400973629342482433
214,r_h,924559037100601364
215,lavadong,736890254199357480
216,ebusco_tm,891994730035052614
217,edricle_,854379286545563668
218,rachel8352,878113142717173780
219,dpfvm_elf,758639633332174869
220,emdeedania,919990348107878451
221,emil_pepil,1021503115771523072
222,empire6559,812346381003653161
223,endgame1,829225088225378364
224,izzobroke,837668419720577085
225,bludpaythet4x,805461394567856138
226,eric6414,356587174507839499
227,esetelopez,763069055719571466
228,ethiasol,508605575907508225
229,ethldgr,762869166138589214
230,fvckvan.anonym,663746571833442326
231,evm0x,1030426042533417100
232,eyestate,460768533182152705
233,fairy2257,698034529436303454
234,fajaradip08,341621472844054529
235,fauvsm,1113146654007242752
236,fauxfiend,737898892124749866
237,,
238,,
239,bankapp,826363483913977857
240,flippedfacecontributiondao,936330771940143114
241,foolbuster,925303833519853618
242,forest_v,941714512258678816
243,fort0324,491477611650875392
244,baram7,747964212126417007
245,frank_168,875794495541768213
246,tote4life,806951218122981437
247,frogthoshi_,1227507147219140608
248,,
249,fury_1224,352802700280332288
250,,
251,genggui1,911162656608624660
252,,
253,geusey,781099746760196138
254,ghooolyache,378868297573072896
255,,
256,gimommy,831476107085348915
257,adam.mon,1164180081644671057
258,gmankey,774128437462827028
259,debugger66,276122893820231680
260,grape_growth,380988060583854082
261,gray_choi,435110400552599553
262,,
263,lcs1717,691098457624150016
264,gummy0702,477169403725611019
265,hadifab,470125368787861514
266,hamdan_g,739413406833967148
267,hanriiver,971544973935779960
268,hansmillie2,911258590680068188
269,haohaocheck,847069109275328532
270,happysubstack,1037260379350388756
271,harsh1906,489400484952670208
272,harumineko,912736237264179200
273,,
274,cookiezxc,614248958465671168
275,hafansky,563467594288463882
276,,
277,heissee,1025755003576659968
278,herkel.eth,696666026808574014
279,henryle20,633542872343248896
280,hidebu_,899326104114954270
281,swarih,805798462356586526
282,hojuun2,810413481463250954
283,,
284,bitmex,343023948801245185
285,husseinrasti,830192096308232274
286,ayusesabure,973585139227557938
287,hyeok8911,576022687151947776
288,yoo8888,811830317203062824
289,xpo.eth,907314938786238545
290,ichigo1988,903300196316885012
291,idkravitz,300961294440202240
292,0xakindams,968853643610685521
293,moobae.,895384220858482749
294,,
295,ilonaanoli,1183878554165977101
296,bigdeli9191,991700937653620857
297,faizan5794,783339844494426132
298,stargirl.007,757950045810065478
299,imnutcrypto,1033254395120451614
300,waifuimpossible,938410867517698088
301,,
302,migzzzzz,850124415723241543
303,,
304,,
305,isseigunawan,841600243249446932
306,italo.a,609367317935292426
307,0xbatagor,802158561248935967
308,nathan8644,973877460259196929
309,masha_creatorrr,1019010729887678564
310,docteur7024,845481617329618976
311,jackyetsum,540051136888176640
312,.heeya,927214678319439872
313,uzzol2001,794205317974065164
314,live2own,878905922330710066
315,jasonreal,502856828246556682
316,jatin4978,844294330214776878
317,chen2942,499491858116902912
318,,
319,jeezyhowyoudoin,475090894589132802
320,jefferstellar,909537636518096946
321,,
322,jeyyy9551,300603280860512259
323,jhamzy,942050000249188404
324,jibz89,903778128122478623
325,jinnv0802,445395174693011457
326,jiraiya_sama17,701067742115004557
327,,
328,jakeperalta0309,696372436098220113
329,,
330,lydicius,341214378672259072
331,jonathanhnd11,609435420559671347
332,joydx,825561863639138304
333,kwilson3363,1013609723662184448
334,juju5378,915618264284004402
335,jujujuls,925099389364625438
336,junel2,929409454838005770
337,jungyyy,531630006397304852
338,juninuna_,724862213554438166
339,,
340,,
341,k1ngsman._.,715234867520077834
342,,
343,,
344,,
345,cupon,805092283229798401
346,kazking__1,939470682012667967
347,kenobi_eth,739545582049296424
348,,
349,ketamah,179381872466329600
350,.godfatherxi,760536149436661800
351,kimz1649,430769664696647701
352,kingendvy,313170832077881362
353,,
354,,
355,,
356,,
357,koko1995l,1246804582290423862
358,huak01,651415383949049861
359,,
360,kryptobaby,935710106040016906
361,kwei._.,750006759480885359
362,kyniman,408620861831249920
363,0xkyy,933027466413486130
364,lambe1981,931925176436801617
365,,
366,lastexamdoteth,241469469438771200
367,lbtc200,878946564649926687
368,leonardo_real,852706210732834836
369,.toomuchlove,920282191534116875
370,leysbaby,360833876223852544
371,ligo_888,1096092419923132518
372,,
373,,
374,,
375,limesex,708258625205960734
376,lionmasoud,519769001065316355
377,liteplay2,1087179130275106936
378,babaninfei,760180883101057039
379,badang,522051127655530539
380,lk_328,843827628016402443
381,lordofmachines,840974771751092235
382,,
383,lujozujo,912069880302436394
384,lunglee,621703842945302558
385,mier1149,891988973457641522
386,lynn01393,1162248755161092116
387,m0neyy,221229665149255681
388,,
389,zu4ki,289625504036814850
390,maher1316,771732880690511912
391,,
392,sss.sol,902017256328925265
393,0x_manny,928335682651451432
394,,
395,marpiku,977233548564115567
396,maryartii,1227328723125014683
397,matthewf25,816669178844413989
398,,
399,,
400,medusa_xyz,456117055507136512
401,meiji07,539834900795359233
402,melody9797,939863875606679574
403,wu_wei,321752403982680076
404,melody11,826468234067968030
405,farmsang,390502948578525184
406,merridoll,498179229834280980
407,,
408,,
409,michh7374,949655535723098143
410,mido.0826,870945978960719902
411,milanweb3,314829487026077697
412,,
413,mindymolly124,264103075080306700
414,minhee8914,882276262494732368
415,,
416,misterdarsi28,582220438525050900
417,22x22_27341,1103249599495426079
418,clawrence2001,1020482807182671953
419,moe_nad,998378102721892372
420,sarimbby123,1111781201078919321
421,momoflisa,969195500421132338
422,zaharevich4,664200932258611240
423,_.seungjae,453578569340420117
424,madoros,917411442465058836
425,nadeem9754,758858451051872326
426,monadicoo,348265632770424832
427,julianna_07,841458230479683587
428,monasex_,978488085048328232
429,fixnik28,1046090290592759818
430,cmllllll,998760262326820965
431,moon_,367210603766611968
432,siomay.eth,814431625000779776
433,musial4,1039551111050301491
434,mubii4902,970581083043295242
435,mumoo77,1253245102940360843
436,munduseat,1092857283970609223
437,mylove8754,534879717585846292
438,mynamesincerity,323080020161724416
439,_bluedragon,382843539232653312
440,,
441,irfann04,1090303327776030751
442,algohowto,396705184287424512
443,tr0uva1lle,627169972312866847
444,,
445,nastenkkkkkka,694944334839152677
446,naufalqwe,545038153346449428
447,selena7877,998499867263500308
448,prateek_s,874160444632367115
449,,
450,,
451,,
452,nmanso,405371456252542996
453,,
454,northside_,390690722841362442
455,mai_usd,526420235394351104
456,popnad,1122203456254521355
457,puichii,528560583906164736
458,nothingtolose0288,1006983686434082949
459,,
460,oak_._._,797878978697756723
461,octanexyz,555836677357043742
462,ohmyol1,445201998065696769
463,oldsix,359636299885576195
464,duck12.,909598604694523996
465,onlinelink,866994330324303892
466,onreeel,1000112841094856816
467,keywan_1901,882561893556973610
468,oogademonad,753723400689549442
469,,
470,bugor_,358834685599547392
471,orpheuzkaze,307749245040066561
472,imoscarrr,933970100669788211
473,oxkft,966655065907683359
474,p0isonx,683759563316789266
475,,
476,papaweb3,940854221824196630
477,papayou,125728243130171392
478,,
479,,
480,patzelife,304594851767517184
481,paulchoi,421117282836807681
482,ped3318,959488571813793822
483,.peggyyy,891369909022519316
484,pizzaovo,939115162512797736
485,pgmi,828652332480069632
486,,
487,littlemonkeyb,921601620624687175
488,pochie2124,703943908954210334
489,,
490,nimnimeiei,832188494696153128
491,pugovka_mari,909838028946690099
492,puresoul0109,1189888338879074415
493,purpman123,742921370819756123
494,eryi0521,838405169619533854
495,nimamorad,968425044416024576
496,raghu86,1012288412939731024
497,,
498,mamio7590,941555022427197460
499,reborn8958,451059370323607562
500,reena6787,1070605950962122762
501,reganz21,833393274017415279
502,0xreinn,1098684017215283280
503,rejeki,209685289369600000
504,retrodiskotek,397588948979023873
505,reum_dogdept,897068813600845854
506,rinzz_88,1016673595793100871
507,ristrettocat,350278061213876225
508,riztulusia,1202728072412008449
509,,
510,rogamire_60582,1200441262667468921
511,rohitsethi.eth,843561776283910245
512,vaz1212,530016198566608906
513,,
514,rskl,327515070013767691
515,0xlemurianslegions,324638374365364227
516,saffroncrypto,748204208192225352
517,sajisa_trigger,918853980111654973
518,,
519,secretbey_,880197850225578094
520,gabrielsosa5582,939173550969995314
521,rebirth90,885170588518326312
522,serialsexhaver,865693402180222976
523,kkuri2,929184829218648091
524,shamim.eth,1060894709624602705
525,sharkdogsad,1048003234947670046
526,shavethewhale,328160942154186754
527,thomasshelby1418,1017314018853134366
528,sheldonpoohkyy,798203208043986966
529,bb1520,836129637213929492
530,shimmoney,444514698491330561
531,,
532,simplypaulus,889430349782843393
533,,
534,sirenianft,966107501122699316
535,joh3729,883762495637041152
536,smilypong,338151965085138944
537,,
538,,
539,520oyh,916674142621810749
540,sol_defi,726403775773802527
541,sophiaw6,1018317714571403364
542,sophiaxie2,1089824255790813206
543,sousaxxx,667864247212179456
544,nongwaan,376411241436151808
545,ssick,441537454369931275
546,,
547,ssweb3,902492039143383041
548,,
549,sudobug,955729543560323113
550,sugarpic,661794448782524418
551,sunking8891,844049563257929768
552,sunonphyse,942592637016371270
553,,
554,superfly5104,939843753873653820
555,supermoyy,614082703444279316
556,,
557,,
558,susu1345,975565957483331584
559,juno0601,864100794751385612
560,syderal0512,327212745961504778
561,,
562,,
563,taivel,890234942011899945
564,tanvirt,1030822607408345240
565,tbeagle,393320989242425348
566,,
567,,
568,,
569,thanosmax182450,1021156079092109362
570,,
571,thepandaonabike,760146646095888455
572,,
573,,
574,thisisfin_,1095298603452473384
575,_stringtheory,582613298881495096
576,timan01,947188190064812103
577,mnmnxq,878162372437630987
578,tiggerland,708997006189658113
579,_tindz,387291130602979348
580,fortizo,1057917254358028379
581,toadster69,746761374213865573
582,mascot.,750753293533446285
583,ik3377,697099105805271102
584,choco2122,849664977836703754
585,todosweep,314449075434946571
586,,
587,beastydaddy,885505519748526090
588,toonoxx,628204762688389137
589,totomal4,848043517754212352
590,,
591,ttatils_eth,1021542408195936406
592,tun3668,180043205226528768
593,tychsx.,931973280770965544
594,uday_04,1034359539056783391
595,wargawd99,918204336918646854
596,,
597,,
598,diegovas_,862335296363560960
599,,
600,,
601,vodkla,696661377250754601
602,vuvanhung,701752984618532975
603,w22py,895255448280793089
604,wani.kk,913095762404081716
605,weloveprophet,1020457508629905438
606,weretiny,965217304013074442
607,whitesocks,358620107947376640
608,widz112,881782192559235082
609,williammmmlee,875247058934722590
610,wlxaj,1095261346033041478
611,superxxxxx,795647751487619112
612,wyriium,1244205446110253159
613,yycc0156,1260630867751993407
614,suhair_eliter,1044441999429865503
615,huan219,912736871761707019
616,x.rami,968758658517315585
617,,
618,miyamoto5139,906030109021048844
619,yap00012,445876410381369354
620,.yassy,749482252856983598
621,.ybgg,1223584562538483847
622,,
623,,
624,yolex_24,259887842480750594
625,yongks1987,912890093142945792
626,yotdanz,340404007639973888
627,,
628,oxmikasa,804016453095391312
629,,
630,,
631,,
632,zailai_,1204591648395235379
633,cr_ddsc,1111692028225519687
634,,
635,zdarkshadez,809518815661785179
636,zd76,532597566152507393
637,zhangliu.eth,843527654301106207
638,yida5853,905830250162827285
639,,
640,dalanpa888,931440148560875590
641,macjo09,473833794940567552
642,.brendaaa,539298009431932941
643,flowmychan,694058549990522903
644,yantogaming,432191491910270987
645,rudi020701,515924753043685417
646,ngomik_ink,915508168220626964
647,raizzu,861202961929732097
648,zolonoa4,984055022813843497
649,,
650,,
651,cocoisgoodcat,370488847240265729
652,gonzosnow,1071102982407589888
653,shroomskull,398382848081526796
654,ferfer4026,977904465661268028
655,wjones8865,1012139926973862080
656,arcstyle26,713634787067428868
657,emilymarzz,703948741073436724
658,sugar6378,265533410817212416
659,nanaix,958090482305626142
660,kimchiii0319,443922241185513472
661,iny_,543839521490599937
662,virender2600,733187751330971670
663,emmidaisy,970924081526485053
664,seong.mm,926430750696407040
665,luka_s.,874216269732257792
666,0xhighstandards,920038837089079296
667,accoladecr,960330128678858814
668,,
669,madporo_,833388694513123388
670,platoospace,448441933086326784
671,phuketpro,372102692094476298
672,qmbich,775397291140841502
673,roguee9909,898762601712992308
674,sergen.13,813139358575362139
675,sifu0620,128974262362046464
676,pololee,806119597118849025
677,,
678,,
679,skoolkidd,784853288583430215
680,0x_yash21,910903496944001096
681,pori123,1153795186124656651
682,fanta_orange,752120288732381246
683,.oyo,180682404401381376
684,aceerblade,453953087007227914
685,akellaa2023,969669764458893352
686,conqueror_888,868691885479301140
687,,
688,,
689,daha1522,695235532992675901
690,._.havoc._.,672211520549027903
691,akshat.eth,700826551713005699
692,judochy,401697502119854080
693,wolfx1,582917831436533775
694,cymesnft,830503367640875049
695,mylover5264,987456457404448929
696,pasopatii,841704400125034506
697,,
698,hyuuu6053,888638185628925963
699,rodneymoore,1021313764173283400
700,,
701,rivuus,894218480012890123
702,mthuy0301,1215864330810163233
703,jottayei,586713866797318191
704,jj_7391,1271532885396164689
705,alexkamrul6774,785235194026262539
706,ihorporsche,844528520067809280
707,choco0031,902130254498373712
708,,
709,,
710,kan2106,731003193680461844
711,,
712,godepski,1068653387937222738
713,segroegg,507616485053825044
714,normanrobertson01,1017935282152157198
715,liexx_,586604234883989560
716,trumpnad,1102474790184435722
717,,
718,_itsm1sh,910896096274939935
719,,
720,stell4r,189053869760839680
721,jiro_eze,557953193036873748
722,orthros_19,392975803152990208
723,_timii,698699173624545291
724,kolskie,429614742106275840
725,im.jeikei,937786746643566723
726,haster.me,931043052473171998
727,0xjericd_,713002469105467412
728,chikuu1314,1039044445707960441
729,midarichan,941961991285780510
730,ylonaa.,287632946259558402
731,,
732,,
733,,
734,echo_0102,1230534505723592797
735,ziemniak_13,1033306880090583091
736,rajesh143_,841744391726170123
737,irony1998,749021794555658331
738,emptygxz,1000648447659098142
739,,
740,orgazmio,533206298993360897
741,bastral.,952269799986172034
742,,
743,kimjpeg,825401742920384543
744,cryptonoob23,738238325122662431
745,,
746,libertabbus,336129779445137409
747,coha05,894579837946179674
748,followoney,1090780397626998824
749,kokoroforlife,767023189040693249
750,,
751,ares0504,852243660711657512
752,awaamj,887788735847088169
753,bambam10301030,1272407377726935060
754,koredeeee,963093975378587739
755,eznft_0,750705648764715088
756,emmanadia,1018015261296705546
757,0xg00gly,811665986788655124
758,jnjeannieeee,974243339006246952
759,jnjeannieeee,974243339006246952
760,chocosour,1056199572478771240
761,,
762,maryytx,850115864736694312
763,getjump.eth,688507536122576948
764,soygol.,1029128823003938886
765,telog,176124639192285184
766,pokemonad_xyz,961468282907549766
767,reztu,1098928802001850419
768,dnsplt,1120426559250108457
769,volirion94,242766506729930765
770,,
771,0xnico,463776637813784586
772,naori6673,205567518205673473
773,,
774,,
775,yingjuice.,983255047892795452
776,nobita4195,692359810909208648
777,urbankryptoo,1169736933409308716
778,heskk,405776985911197706
779,boonekathleen,1020019531856478278
780,,
781,,
782,geniusxnftbyte,709484143443968141
783,,
784,tanjim21,793515726161313822
785,,
786,sampa999,825621784149360680
787,arcyeth,1054101722567548959
788,onig1ri,756358232670339173
789,cat.multi,898951516361203712
790,loser_6789,831969765211242537
791,,
792,max12704,1076636367980867635
793,,
794,toncanor,234931156556972032
795,kevin20002000,1031950852866441246
796,niftydude1103,931433656315166740
797,burk.c,834800888539381763
798,ayden3274,945059299049214033
799,zolik1772,1108343337582342154
800,celestial_cipher19,844264988373024788
801,,
802,jasy0622,1228040563186602036
803,,
804,rlaquita09,1274710498478391409
805,_fellas,857874612084146176
806,,
807,.lawzii,767504310484860939
808,.9857,459511643378941963
809,maverick78333,890517099129225226
810,,
811,,
812,,
813,from2013to2023,964508577450557480
814,chime_szn,897154180635066369
815,,
816,entoni_07,793896073810673685
817,,
818,sailornini,1116348632665428068
819,vapourxyz,1166290684735655957
820,kuora,217974897433903114
821,ydhstr,733616739878961174
822,blvckvux,881739328068407357
823,yoolmonad,459809567061311489
824,prim_crypto,855091718347948042
825,masrafe007,826973789975347243
826,ahamedrakib,1083069638843322449
827,,
828,skaivii,1133659536297824276
829,bygra0,1243968373289910352
830,usmanesmail,1118609317470413043
831,tabsuuu,395878368492388362
832,kseniyalarico10,970719716618412042
833,zacknftz,791779374009155656
834,,
835,kidzrichh,573640405825093632
836,erkinnad,244948983657660419
837,,
838,kinshiki_2.0,418818825811787776
839,enjoyliza,1227630222397145099
840,danilreso,201017193251602432
841,buyhold.,513023595031822339
842,sheikhtatveel,453361160360558612
843,,
844,pr33zy,257262420018462731
845,lhealhea,854357118874025984
846,,
847,truffle_pig13,1221124827738411018
848,xavim_19,1195771636373266433
849,,
850,darak.eth,570173542470254619
851,yung2105,848406706244550678
852,jannie.jane,1013341654775762975
853,t_h_,139440049652629504
854,pomeloloo,836990989393592371
855,dixy99,843217691464564796
856,,
857,0xdale,962798341140414594
858,x11inlife,824576438527066162
859,0x_betty,977786769934270525
860,,
861,shubhx,339764011233181707
862,shuwski,892032359782842418
863,niccinft,916661268239253516
864,yukaithehuman,840555342093352960
865,alunmusk.0008,455595962488979457
866,physecks,487681215567233084
867,,
868,baeye,674420817299374090
869,miadhool_22,1013473799661961368
870,jasonholland_01,1013078148277080174
871,grondwat,1104344278953640006
872,millieyx,1273784056923820175
873,femsebube,1233927718341578848
874,_0xchuks,1202672597050069075
875,aryastark321,1133825089729724436
876,,
877,patsy696,934953653398306926
878,minunplusle,261511609694814211
879,yuka6216,819155239872888842
880,neyzzoncrypto,566740043302043651
881,,
882,razeeec,680041791780814854
883,,
884,karatekid05,412710839070752778
885,jitgwayyy,487829223298433034
886,penguin.gmi,494167795219562509
887,lkyd01,328191973259476992
888,davenguyencrp,840513243391066123
889,bjord.,952508042874863667
890,,
891,exelance_25,1225177423759278231
892,unyillnb,492712343189454858
893,,
894,heyve,920810662408618015
895,karee_mo,499295418971324436
896,,
897,_enesakbaba,898093169881796648
898,,
899,.lexeria,653566077917200404
900,carolinecastro,487869730934358017
901,blocashmain,960207822304444587
902,kanaako0o,1251920005721886805
903,roshan_nilofer,987458129707028501
904,sarathcenation,851331350699180042
905,,
906,naeem11111,1035912160892702791
907,astatine.zk,858007950579597313
908,,
909,,
910,hugoboycrypto,341119824346218498
911,,
912,its.jere,691588285239394324
913,,
914,johnwrichkid,818305646549532703
915,billmonday,1051788137912872971
916,nftwhisperer25,1119711549628612698
917,,
918,adeen_xyz,1175058440268300328
919,virginwhale,911412441232076821
920,abdurrahman0196,942244759886516334
921,nomlowillmakeit,1290317546154889238
922,,
923,tokio.x,1116215139323093062
924,mattskibro1,1201739158784319549
925,fivestar5200,890901826415767562
926,maugopa6,885686694123302984
927,,
928,minuryyyyy,844223422681710603
929,,
930,laleh2020,1166242638664585290
931,,
932,,
933,lolipop_web3,1083271993358557225
934,flows_monad,432911438282227713
935,murphy.monad,1032197522715840552
936,prkhere,676462336864681984
937,bape77,846552765211344976
938,,
939,,
940,,
941,cmsintern,818616777201287249
942,.akmalrlana,587528241212948480
943,papaclarky,220622759531642880
944,richijefe,211055539805880322
945,,
946,jus_izzy,823862960875110401
947,pluto440,882689530753347625
948,,
949,dushane7081,904631553588621383
950,,
951,,
952,internbrah,1072668316835008584
953,vishyishere,483096757983772716
954,mirayo_,1055219771827822612
955,pdbullbear,895130008278945792
956,shaianeviana,976633122043097118
957,gopi0091,1188719179533127744
958,digiman_,902573538597294091
959,,
960,,
961,,
962,,
963,zinchenko.eth,910648177303126076
964,cryptoviet68,1032118400744439890
965,,
966,rwlk,350712031911084033
967,kemongmo_,350020628738474016
968,simozil,907897674076917801
969,,
970,,
971,fdrum93,1032376535757357216
972,romann18,528880003832872970
973,jorge_thatguy,910423926763581500
974,,
975,icedtea7260,525801348927848448
976,not_gabriel5249,986031863086854185
977,thinahmarcus,1191867773664645181
978,,
979,,
980,bostikkkkkk,1084086869085663272
981,,
982,ramonbanks555,1310632244620038156
983,bolopez,827051043711090720
984,,
985,vinayvs_24,1013819298852130866
986,,
987,kutsal,136564475825225729
988,,
989,,
990,,
991,,
992,baconcheese21,760094382497595442
993,cryptunez,495232456929312778
994,stormdragon2k,468521602133262363
995,,
996,amasterminder646380,847218864201793547
997,amit_poet,344444976018620416
998,i_m_maria_,1184003809836544010
999,mehraj134,1208505180820217938
1000,angell.o,938690080019718176
